﻿<?xml version="1.0" encoding="utf-8"?>
<Defs>
  <JobDef>
    <defName>Vic_CureBlightJob</defName>
    <driverClass>CureBlight.JobDriver_CureBlight</driverClass>
    <reportString>curing TargetA.</reportString>
    <allowOpportunisticPrefix>true</allowOpportunisticPrefix>
  </JobDef>
  <WorkGiverDef>
    <defName>Vic_CureBlightWorkGiver</defName>
    <label>cure blight</label>
    <giverClass>CureBlight.WorkGiver_CureBlight</giverClass>
    <workType>Growing</workType>
    <verb>cure</verb>
    <gerund>curing</gerund>
    <requiredCapacities>
      <li>Manipulation</li>
    </requiredCapacities>
  </WorkGiverDef>
  <DesignationDef>
    <defName>Vic_CureBlightDesign</defName>
    <texturePath>Designations/Tame</texturePath>
    <targetType>Thing</targetType>
  </DesignationDef>
</Defs>